{"options":{"summaryTrendStats":["avg","min","med","max","p(90)","p(95)"],"summaryTimeUnit":"","noColor":false},"state":{"isStdOutTTY":true,"isStdErrTTY":true,"testRunDurationMs":115430.545168},"metrics":{"http_reqs":{"values":{"count":4529,"rate":39.23571523818414},"type":"counter","contains":"default"},"http_req_failed":{"type":"rate","contains":"default","values":{"rate":0,"passes":0,"fails":4529}},"http_req_waiting":{"type":"trend","contains":"time","values":{"med":0.529007,"max":2.443606,"p(90)":0.8515096000000003,"p(95)":0.9757608,"avg":0.568460378891586,"min":0.096118}},"http_req_connecting":{"contains":"time","values":{"med":0.390956,"max":7.939917,"p(90)":0.6338276,"p(95)":0.7552308,"avg":0.43196445175535425,"min":0.074186},"type":"trend"},"http_req_tls_handshaking":{"values":{"p(90)":0,"p(95)":0,"avg":0,"min":0,"med":0,"max":0},"type":"trend","contains":"time"},"data_received":{"type":"counter","contains":"data","values":{"count":11394964,"rate":98717.0595392713}},"iteration_duration":{"type":"trend","contains":"time","values":{"avg":1002.4567801485971,"min":1000.900313,"med":1002.404285,"max":1011.762991,"p(90)":1003.2167962,"p(95)":1003.4412102}},"http_req_duration{expected_response:true}":{"type":"trend","contains":"time","values":{"avg":0.9082268476484856,"min":0.310367,"med":0.887602,"max":8.578395,"p(90)":1.194514,"p(95)":1.3240887999999995}},"vus_max":{"values":{"value":50,"min":50,"max":50},"type":"gauge","contains":"default"},"vus":{"type":"gauge","contains":"default","values":{"value":1,"min":1,"max":50}},"http_req_duration":{"values":{"avg":0.9082268476484856,"min":0.310367,"med":0.887602,"max":8.578395,"p(90)":1.194514,"p(95)":1.3240887999999995},"type":"trend","contains":"time"},"http_req_sending":{"type":"trend","contains":"time","values":{"p(90)":0.1778444,"p(95)":0.22263419999999995,"avg":0.101060576506955,"min":0.016977,"med":0.074982,"max":7.415923}},"http_req_receiving":{"type":"trend","contains":"time","values":{"avg":0.23870589224994515,"min":0.026433,"med":0.225089,"max":1.173791,"p(90)":0.3458368,"p(95)":0.40332919999999994}},"http_req_blocked":{"type":"trend","contains":"time","values":{"avg":0.5949556652682714,"min":0.136936,"med":0.547073,"max":8.204046,"p(90)":0.8478792,"p(95)":0.982122}},"iterations":{"type":"counter","contains":"default","values":{"rate":39.23571523818414,"count":4529}},"data_sent":{"contains":"data","values":{"count":362320,"rate":3138.857219054731},"type":"counter"}},"root_group":{"name":"","path":"","id":"d41d8cd98f00b204e9800998ecf8427e","groups":[],"checks":[]}}